type,index,text,start,end,duration,importance,confidence,sentence_index
word,0,Imagine,0.031,0.491,0.460,low,0.774,0
word,1,you're,0.531,0.672,0.141,low,0.853,0
word,2,moving,0.712,0.912,0.200,low,0.913,0
word,3,an,0.972,1.012,0.040,low,0.908,0
word,4,entire,1.052,1.492,0.440,low,0.807,0
word,5,library,1.552,1.993,0.441,low,0.731,0
word,6,every,2.033,2.593,0.560,low,0.731,0
word,7,time,2.654,2.834,0.180,low,0.992,0
word,8,someone,2.894,3.174,0.280,low,0.919,0
word,9,wants,3.214,3.374,0.160,low,0.841,0
word,10,to,3.414,3.474,0.060,low,1.000,0
word,11,read,3.514,3.674,0.160,low,0.789,0
word,12,a,3.755,3.775,0.020,low,1.000,0
word,13,single,3.835,4.155,0.320,low,0.754,0
word,14,book.,4.215,4.395,0.180,low,0.896,0
word,15,You,5.036,5.156,0.120,low,0.671,1
word,16,pack,5.176,5.396,0.220,low,0.896,1
word,17,all,5.596,5.696,0.100,low,0.874,1
word,18,the,5.736,5.817,0.081,low,0.826,1
word,19,books,5.857,5.997,0.140,low,0.850,1
word,20,into,6.057,6.297,0.240,low,0.602,1
word,21,a,6.317,6.337,0.020,low,0.134,1
word,22,"truck,",6.357,6.597,0.240,low,0.830,1
word,23,drive,6.858,7.098,0.240,low,0.803,1
word,24,them,7.138,7.258,0.120,low,0.970,1
word,25,to,7.298,7.378,0.080,low,0.754,1
word,26,a,7.458,7.478,0.020,low,0.988,1
word,27,new,7.538,7.678,0.140,low,0.877,1
word,28,"building,",7.718,8.039,0.321,low,0.722,1
word,29,unload,8.299,8.659,0.360,low,0.812,1
word,30,"them,",8.699,8.859,0.160,low,0.859,1
word,31,and,9.200,9.280,0.080,low,0.831,1
word,32,repeat,9.340,9.620,0.280,low,0.942,1
word,33,the,9.660,9.720,0.060,low,0.679,1
word,34,same,9.760,9.940,0.180,low,0.829,1
word,35,process,9.981,10.341,0.360,low,0.834,1
word,36,again,10.421,10.721,0.300,low,0.750,1
word,37,and,10.761,10.901,0.140,low,0.544,1
word,38,again.,10.961,11.202,0.241,low,0.943,1
word,39,Sounds,11.822,12.143,0.321,medium,0.721,2
word,40,ridiculously,12.163,12.863,0.700,low,0.790,2
word,41,"inefficient,",12.903,13.364,0.461,low,0.932,2
word,42,right?,13.384,13.604,0.220,medium,0.591,2
word,43,That's,14.645,14.825,0.180,low,0.796,3
word,44,exactly,14.905,15.386,0.481,low,0.890,3
word,45,what,15.426,15.586,0.160,low,0.949,3
word,46,traditional,15.646,16.066,0.420,low,0.901,3
word,47,packet,16.106,16.367,0.261,low,0.993,3
word,48,processing,16.387,16.787,0.400,low,0.854,3
word,49,does.,16.827,17.828,1.001,high,0.837,3
word,50,In,17.848,17.908,0.060,low,0.989,4
word,51,traditional,17.928,18.328,0.400,low,0.735,4
word,52,"networking,",18.369,18.849,0.480,low,0.887,4
word,53,when,18.989,19.109,0.120,low,0.911,4
word,54,a,19.169,19.189,0.020,low,0.999,4
word,55,packet,19.229,19.550,0.321,low,0.912,4
word,56,travels,19.590,19.910,0.320,low,0.838,4
word,57,from,19.950,20.090,0.140,low,0.940,4
word,58,the,20.110,20.190,0.080,low,0.740,4
word,59,hardware,20.250,20.631,0.381,low,0.924,4
word,60,through,20.831,21.071,0.240,low,0.813,4
word,61,the,21.091,21.171,0.080,low,0.511,4
word,62,operating,21.231,21.572,0.341,low,0.970,4
word,63,system,21.612,21.872,0.260,low,0.869,4
word,64,kernel,21.912,22.232,0.320,low,0.750,4
word,65,and,22.392,22.472,0.080,low,0.983,4
word,66,up,22.653,22.713,0.060,low,0.592,4
word,67,to,22.753,22.873,0.120,low,0.761,4
word,68,an,22.913,22.973,0.060,low,0.886,4
word,69,"application,",23.053,23.553,0.500,low,0.813,4
word,70,the,24.074,24.174,0.100,low,0.937,4
word,71,actual,24.274,24.574,0.300,low,0.873,4
word,72,bytes,24.655,24.975,0.320,low,0.865,4
word,73,are,25.175,25.275,0.100,low,0.736,4
word,74,copied,25.355,25.696,0.341,low,0.954,4
word,75,across,25.756,26.036,0.280,low,0.513,4
word,76,system,26.056,26.296,0.240,low,0.608,4
word,77,boundaries.,26.316,27.237,0.921,low,0.919,4
word,78,The,27.237,27.417,0.180,low,0.900,5
word,79,network,27.477,27.798,0.321,low,0.931,5
word,80,interface,27.838,28.239,0.401,low,0.814,5
word,81,"card,",28.259,28.539,0.280,low,0.847,5
word,82,or,28.680,28.760,0.080,low,0.820,5
word,83,"NIC,",28.880,29.301,0.421,high,0.785,5
word,84,receives,29.721,30.082,0.361,low,0.874,5
word,85,the,30.122,30.182,0.060,low,0.973,5
word,86,packet,30.222,30.543,0.321,low,0.997,5
word,87,into,30.603,30.803,0.200,low,0.907,5
word,88,one,30.823,31.044,0.221,low,0.892,5
word,89,buffer.,31.084,31.364,0.280,low,0.942,5
word,90,Then,31.865,32.026,0.161,low,0.854,6
word,91,those,32.086,32.286,0.200,low,0.867,6
word,92,bytes,32.346,32.587,0.241,low,0.933,6
word,93,are,32.667,32.747,0.080,low,0.831,6
word,94,copied,32.807,33.168,0.361,low,0.831,6
word,95,into,33.228,33.408,0.180,low,0.995,6
word,96,another,33.468,33.749,0.281,low,0.819,6
word,97,buffer,33.789,34.069,0.280,low,0.997,6
word,98,for,34.109,34.229,0.120,low,0.781,6
word,99,processing.,34.290,34.770,0.480,medium,0.866,6
word,100,They,35.552,35.672,0.120,medium,0.886,7
word,101,may,35.692,35.792,0.100,low,0.983,7
word,102,be,35.832,35.912,0.080,low,0.998,7
word,103,copied,35.953,36.273,0.320,low,0.855,7
word,104,again,36.333,36.574,0.241,low,0.917,7
word,105,before,36.614,36.894,0.280,low,0.888,7
word,106,transmission.,36.934,37.455,0.521,low,0.832,7
word,107,Every,38.096,38.417,0.321,medium,0.899,8
word,108,copy,38.477,38.778,0.301,low,0.826,8
word,109,consumes,38.838,39.198,0.360,low,0.821,8
word,110,CPU,39.238,39.599,0.361,medium,0.757,8
word,111,"cycles,",39.619,40.000,0.381,low,0.873,8
word,112,memory,40.260,40.561,0.301,low,0.898,8
word,113,"bandwidth,",40.601,41.182,0.581,low,0.671,8
word,114,and,41.202,41.302,0.100,low,0.805,8
word,115,cache.,41.362,42.424,1.062,medium,0.763,8
word,116,High,42.424,42.744,0.320,low,0.793,9
word,117,performance,42.784,43.185,0.401,low,0.840,9
word,118,networking,43.245,43.685,0.440,low,0.896,9
word,119,takes,43.725,43.926,0.201,low,0.902,9
word,120,a,43.986,44.026,0.040,low,0.829,9
word,121,completely,44.086,44.827,0.741,low,0.901,9
word,122,different,44.887,45.167,0.280,low,0.876,9
word,123,approach.,45.207,45.528,0.321,low,0.936,9
word,124,Instead,46.268,46.549,0.281,medium,0.499,10
word,125,of,46.589,46.629,0.040,low,1.000,10
word,126,copying,46.709,47.029,0.320,low,0.772,10
word,127,the,47.069,47.129,0.060,low,0.934,10
word,128,"packet,",47.169,47.710,0.541,low,0.926,10
word,129,it,47.730,47.790,0.060,low,0.996,10
word,130,simply,47.850,48.171,0.321,low,0.760,10
word,131,passes,48.251,48.551,0.300,low,0.875,10
word,132,a,48.631,48.651,0.020,low,0.846,10
word,133,reference,48.711,49.072,0.361,low,0.752,10
word,134,to,49.112,49.192,0.080,low,0.811,10
word,135,it.,49.272,49.332,0.060,low,0.998,10
word,136,This,49.772,49.933,0.161,low,0.838,11
word,137,technique,49.993,50.373,0.380,low,0.841,11
word,138,is,50.433,50.493,0.060,low,0.766,11
word,139,called,50.533,50.753,0.220,low,0.786,11
word,140,zero,50.854,51.134,0.280,low,0.876,11
word,141,copy.,51.174,51.474,0.300,low,0.977,11
word,142,But,51.935,52.075,0.140,low,0.997,12
word,143,what,52.255,52.415,0.160,low,0.784,12
word,144,exactly,52.475,52.896,0.421,low,0.868,12
word,145,is,52.936,52.996,0.060,low,0.814,12
word,146,being,53.036,53.196,0.160,low,0.813,12
word,147,passed?,53.256,53.597,0.341,low,0.904,12
word,148,The,54.117,54.217,0.100,low,0.711,13
word,149,answer,54.318,54.678,0.360,low,0.857,13
word,150,is,54.878,54.938,0.060,low,0.787,13
word,151,an,54.998,55.038,0.040,low,0.994,13
word,152,mBuff.,55.178,56.220,1.042,medium,0.990,13
word,153,Think,56.240,56.440,0.200,low,0.998,14
word,154,of,56.500,56.560,0.060,low,0.997,14
word,155,an,56.620,56.660,0.040,low,0.972,14
word,156,mBuff,56.780,57.061,0.281,low,0.971,14
word,157,as,57.181,57.241,0.060,low,0.588,14
word,158,a,57.281,57.341,0.060,low,0.332,14
word,159,small,57.421,57.741,0.320,low,0.942,14
word,160,metadata,57.821,58.322,0.501,low,0.808,14
word,161,structure,58.342,58.702,0.360,low,0.809,14
word,162,attached,58.743,59.103,0.360,low,0.838,14
word,163,to,59.123,59.163,0.040,low,0.866,14
word,164,the,59.223,59.283,0.060,low,1.000,14
word,165,packet.,59.323,59.624,0.301,low,0.981,14
word,166,It,60.284,60.364,0.080,low,0.648,15
word,167,contains,60.404,60.785,0.381,low,0.906,15
word,168,information,60.845,61.325,0.480,low,0.821,15
word,169,like,61.386,61.506,0.120,low,0.904,15
word,170,the,61.546,61.626,0.080,low,0.833,15
word,171,packet,61.666,61.966,0.300,low,0.937,15
word,172,"length,",62.006,62.267,0.261,low,0.914,15
word,173,protocol,62.447,62.887,0.440,low,0.907,15
word,174,"details,",62.927,63.288,0.361,low,0.916,15
word,175,and,63.688,63.788,0.100,low,0.982,15
word,176,most,63.888,64.129,0.241,low,0.753,15
word,177,"importantly,",64.209,64.749,0.540,low,0.945,15
word,178,the,64.970,65.090,0.120,low,0.730,15
word,179,exact,65.230,65.710,0.480,medium,0.873,15
word,180,memory,65.770,66.071,0.301,low,0.818,15
word,181,address,66.111,66.411,0.300,low,0.762,15
word,182,where,66.451,66.571,0.120,low,0.865,15
word,183,the,66.611,66.672,0.061,low,0.984,15
word,184,packet's,66.732,67.072,0.340,low,0.920,15
word,185,payload,67.112,67.432,0.320,low,0.702,15
word,186,begins.,67.472,67.773,0.301,low,0.904,15
word,187,Now,68.393,68.494,0.101,medium,0.990,16
word,188,let's,68.534,68.714,0.180,low,0.800,16
word,189,look,68.754,68.894,0.140,low,0.849,16
word,190,at,68.974,69.054,0.080,low,0.932,16
word,191,where,69.154,69.335,0.181,low,0.898,16
word,192,those,69.395,69.595,0.200,low,0.762,16
word,193,bytes,69.655,69.915,0.260,low,0.791,16
word,194,live.,69.975,70.656,0.681,low,0.934,16
word,195,Before,70.656,71.037,0.381,low,0.888,17
word,196,any,71.157,71.337,0.180,low,0.830,17
word,197,packet,71.377,71.658,0.281,low,0.995,17
word,198,even,71.718,71.878,0.160,low,0.865,17
word,199,"arrives,",71.938,72.319,0.381,low,0.960,17
word,200,DPDK,72.739,73.420,0.681,high,0.818,17
word,201,allocates,73.521,73.941,0.420,low,0.891,17
word,202,a,74.021,74.041,0.020,low,1.000,17
word,203,large,74.121,74.482,0.361,low,0.943,17
word,204,collection,74.522,74.923,0.401,low,0.802,17
word,205,of,74.963,75.023,0.060,low,0.752,17
word,206,fixed-size,75.123,75.684,0.561,low,0.728,17
word,207,packet,75.764,76.024,0.260,low,0.995,17
word,208,buffers.,76.064,76.405,0.341,low,0.889,17
word,209,This,77.146,77.306,0.160,low,0.714,18
word,210,collection,77.346,77.727,0.381,low,0.835,18
word,211,is,77.847,77.907,0.060,low,0.754,18
word,212,called,77.967,78.168,0.201,low,0.674,18
word,213,a,78.248,78.268,0.020,low,0.995,18
word,214,mempool.,78.328,78.829,0.501,medium,0.890,18
word,215,You,79.490,79.590,0.100,low,0.655,19
word,216,can,79.630,79.750,0.120,low,0.897,19
word,217,think,79.770,79.951,0.181,low,0.832,19
word,218,of,79.991,80.051,0.060,low,0.984,19
word,219,it,80.111,80.171,0.060,low,0.744,19
word,220,as,80.251,80.311,0.060,low,0.880,19
word,221,a,80.371,80.391,0.020,low,0.978,19
word,222,warehouse,80.431,80.872,0.441,low,0.899,19
word,223,filled,81.032,81.273,0.241,low,0.914,19
word,224,with,81.333,81.453,0.120,low,0.861,19
word,225,thousands,81.533,82.054,0.521,low,0.662,19
word,226,of,82.094,82.154,0.060,low,0.750,19
word,227,empty,82.194,82.515,0.321,low,0.757,19
word,228,packet,82.575,82.855,0.280,low,0.999,19
word,229,containers,82.895,83.376,0.481,low,0.892,19
word,230,all,83.716,83.857,0.141,low,0.847,19
word,231,ready,83.917,84.117,0.200,low,0.924,19
word,232,to,84.157,84.237,0.080,low,0.818,19
word,233,be,84.277,84.357,0.080,low,0.856,19
word,234,used.,84.478,85.219,0.741,low,0.780,19
word,235,When,85.239,85.379,0.140,low,0.925,20
word,236,the,85.399,85.499,0.100,low,0.700,20
word,237,NIC,85.619,85.920,0.301,medium,0.852,20
word,238,receives,85.960,86.280,0.320,low,0.719,20
word,239,a,86.341,86.361,0.020,low,0.994,20
word,240,"packet,",86.401,87.002,0.601,low,0.983,20
word,241,it,87.022,87.082,0.060,low,0.976,20
word,242,doesn't,87.122,87.362,0.240,low,0.746,20
word,243,allocate,87.422,87.763,0.341,low,0.641,20
word,244,new,87.823,87.963,0.140,low,0.916,20
word,245,memory.,88.003,88.304,0.301,low,0.968,20
word,246,"Instead,",88.764,89.125,0.361,medium,0.998,21
word,247,the,89.505,89.626,0.121,low,0.627,21
word,248,NIC,89.766,90.106,0.340,medium,0.846,21
word,249,uses,90.247,90.507,0.260,low,0.783,21
word,250,Direct,90.547,91.008,0.461,low,0.890,21
word,251,Memory,91.068,91.368,0.300,low,0.931,21
word,252,Access,91.449,91.749,0.300,low,0.766,21
word,253,or,91.929,92.009,0.080,low,0.775,21
word,254,DMA,92.090,92.510,0.420,high,0.812,21
word,255,to,92.871,92.991,0.120,low,0.980,21
word,256,stream,93.051,93.412,0.361,low,0.960,21
word,257,the,93.472,93.552,0.080,low,0.756,21
word,258,incoming,93.612,93.992,0.380,low,0.894,21
word,259,bytes,94.053,94.313,0.260,low,0.774,21
word,260,straight,94.593,94.974,0.381,low,0.675,21
word,261,from,95.034,95.154,0.120,low,0.748,21
word,262,the,95.214,95.274,0.060,low,0.998,21
word,263,wire,95.315,95.575,0.260,low,0.950,21
word,264,directly,95.755,96.196,0.441,low,0.852,21
word,265,into,96.256,96.456,0.200,low,0.975,21
word,266,a,96.516,96.536,0.020,low,0.969,21
word,267,free,96.657,96.857,0.200,low,0.879,21
word,268,buffer,96.897,97.177,0.280,low,0.965,21
word,269,in,97.238,97.278,0.040,low,0.974,21
word,270,the,97.318,97.378,0.060,low,0.989,21
word,271,mempool.,97.418,98.179,0.761,low,0.924,21
word,272,no,98.179,98.520,0.341,high,0.710,22
word,273,CPU,98.580,98.920,0.340,medium,0.805,22
word,274,"involvement,",98.961,99.441,0.480,low,0.822,22
word,275,no,99.882,100.063,0.181,medium,0.894,22
word,276,dynamic,100.123,100.503,0.380,low,0.930,22
word,277,memory,100.544,100.784,0.240,low,0.862,22
word,278,"allocation,",100.824,101.285,0.461,low,0.807,22
word,279,no,101.826,102.046,0.220,high,0.893,22
word,280,unnecessary,102.187,102.708,0.521,low,0.815,22
word,281,copies.,102.768,103.128,0.360,medium,0.898,22
word,282,From,103.950,104.090,0.140,medium,0.703,23
word,283,this,104.130,104.351,0.221,low,0.680,23
word,284,moment,104.431,104.711,0.280,low,0.899,23
word,285,"onward,",104.812,105.152,0.340,low,0.970,23
word,286,every,105.453,105.753,0.300,low,0.821,23
word,287,stage,105.814,106.094,0.280,low,0.801,23
word,288,of,106.134,106.194,0.060,low,0.974,23
word,289,packet,106.254,106.535,0.281,low,0.988,23
word,290,processing,106.555,107.036,0.481,low,0.939,23
word,291,works,107.116,107.397,0.281,low,0.990,23
word,292,with,107.437,107.557,0.120,low,0.980,23
word,293,the,107.597,107.677,0.080,low,0.784,23
word,294,same,107.757,108.018,0.261,low,0.852,23
word,295,packet,108.098,108.378,0.280,low,0.992,23
word,296,buffer.,108.418,108.719,0.301,low,0.829,23
word,297,The,109.501,109.601,0.100,low,0.760,24
word,298,passer,109.641,110.022,0.381,low,0.902,24
word,299,receives,110.062,110.382,0.320,low,0.840,24
word,300,the,110.422,110.502,0.080,low,0.847,24
word,301,mBuff.,110.603,111.324,0.721,low,0.984,24
word,302,The,111.344,111.424,0.080,low,0.781,25
word,303,classifier,111.464,112.085,0.621,low,0.938,25
word,304,receives,112.126,112.466,0.340,low,0.782,25
word,305,the,112.506,112.606,0.100,low,0.798,25
word,306,same,112.647,112.847,0.200,low,0.807,25
word,307,mBuff.,112.967,113.248,0.281,low,0.987,25
word,308,The,113.869,113.989,0.120,low,0.763,26
word,309,firewall,114.029,114.550,0.521,low,0.852,26
word,310,receives,114.730,115.051,0.321,low,0.742,26
word,311,the,115.091,115.191,0.100,low,0.700,26
word,312,same,115.211,115.412,0.201,low,0.814,26
word,313,mBuff.,115.532,115.813,0.281,low,0.950,26
word,314,The,116.394,116.474,0.080,low,0.805,27
word,315,routing,116.514,116.834,0.320,low,0.921,27
word,316,logic,116.875,117.155,0.280,low,0.942,27
word,317,receives,117.416,117.736,0.320,low,0.863,27
word,318,the,117.776,117.896,0.120,low,0.611,27
word,319,same,117.957,118.177,0.220,low,0.860,27
word,320,mBuff.,118.297,119.239,0.942,low,0.990,27
word,321,Each,119.239,119.580,0.341,low,0.895,28
word,322,component,119.660,120.181,0.521,low,0.957,28
word,323,only,120.361,120.602,0.241,medium,0.614,28
word,324,receives,120.642,121.043,0.401,low,0.685,28
word,325,a,121.143,121.183,0.040,low,0.975,28
word,326,handle,121.243,121.564,0.321,low,0.752,28
word,327,that,121.584,121.924,0.340,low,0.832,28
word,328,points,122.044,122.325,0.281,low,0.646,28
word,329,to,122.365,122.465,0.100,low,0.822,28
word,330,the,122.505,122.585,0.080,low,0.744,28
word,331,original,122.706,123.066,0.360,low,0.763,28
word,332,packet,123.127,123.407,0.280,low,0.988,28
word,333,buffer.,123.427,123.708,0.281,low,0.998,28
word,334,The,124.229,124.309,0.080,low,0.988,29
word,335,packet,124.349,124.649,0.300,low,0.973,29
word,336,buffer,124.670,124.950,0.280,low,0.887,29
word,337,never,125.191,125.411,0.220,low,0.870,29
word,338,moves.,125.471,126.613,1.142,medium,0.804,29
word,339,Even,126.633,126.794,0.161,low,0.886,30
word,340,if,126.834,126.874,0.040,low,0.941,30
word,341,a,126.954,126.974,0.020,low,0.903,30
word,342,router,127.014,127.295,0.281,low,0.906,30
word,343,needs,127.315,127.495,0.180,low,0.907,30
word,344,to,127.535,127.615,0.080,low,0.812,30
word,345,modify,127.675,128.096,0.421,low,0.930,30
word,346,a,128.136,128.156,0.020,low,0.810,30
word,347,header,128.216,128.537,0.321,low,0.927,30
word,348,or,128.557,128.777,0.220,medium,0.866,30
word,349,change,128.878,129.118,0.240,low,0.856,30
word,350,an,129.138,129.218,0.080,low,0.826,30
word,351,"address,",129.258,129.599,0.341,low,0.939,30
word,352,it,130.100,130.180,0.080,low,0.820,30
word,353,modifies,130.260,130.721,0.461,low,0.925,30
word,354,the,130.761,130.861,0.100,low,0.762,30
word,355,bytes,130.902,131.182,0.280,low,0.844,30
word,356,right,131.443,131.703,0.260,low,0.831,30
word,357,there,131.783,131.984,0.201,low,0.816,30
word,358,in,132.024,132.084,0.060,low,0.990,30
word,359,place.,132.164,132.424,0.260,low,0.856,30
word,360,They're,133.006,133.206,0.200,low,0.822,31
word,361,still,133.226,133.466,0.240,low,0.896,31
word,362,sitting,133.507,133.787,0.280,low,0.864,31
word,363,exactly,133.827,134.529,0.702,medium,0.881,31
word,364,where,134.549,134.749,0.200,low,0.900,31
word,365,the,134.789,134.889,0.100,low,0.915,31
word,366,NIC,134.949,135.330,0.381,medium,0.716,31
word,367,originally,135.430,135.811,0.381,low,0.760,31
word,368,placed,135.871,136.092,0.221,low,0.733,31
word,369,them.,136.152,136.873,0.721,low,0.941,31
word,370,This,136.873,137.194,0.321,low,0.892,32
word,371,is,137.274,137.334,0.060,low,0.742,32
word,372,the,137.374,137.514,0.140,low,0.590,32
word,373,key,137.614,137.875,0.261,medium,0.970,32
word,374,idea,137.995,138.275,0.280,low,0.993,32
word,375,behind,138.355,138.636,0.281,low,0.974,32
word,376,zero,138.696,138.936,0.240,low,0.971,32
word,377,copy.,138.976,139.257,0.281,medium,0.938,32
word,378,The,139.918,140.018,0.100,low,0.819,33
word,379,packet,140.058,140.378,0.320,low,0.994,33
word,380,isn't,140.438,140.599,0.161,low,0.802,33
word,381,travelling,140.639,140.959,0.320,low,0.821,33
word,382,through,140.999,141.160,0.161,low,0.928,33
word,383,the,141.200,141.260,0.060,low,0.998,33
word,384,system.,141.300,141.580,0.280,low,0.811,33
word,385,Only,142.081,142.301,0.220,medium,0.842,34
word,386,the,142.341,142.462,0.121,low,0.719,34
word,387,pointer,142.522,142.942,0.420,low,0.826,34
word,388,is.,143.002,143.103,0.101,low,0.891,34
word,389,Passing,143.703,144.024,0.321,low,0.913,35
word,390,a,144.084,144.124,0.040,low,0.876,35
word,391,pointer,144.164,144.545,0.381,low,0.854,35
word,392,is,144.685,144.745,0.060,low,0.730,35
word,393,incredibly,144.805,145.406,0.601,low,0.880,35
word,394,cheap.,145.466,146.027,0.561,low,0.856,35
word,395,It's,146.047,146.147,0.100,low,0.921,36
word,396,typically,146.187,146.548,0.361,low,0.769,36
word,397,just,146.608,146.848,0.240,low,0.825,36
word,398,an,146.908,146.988,0.080,low,0.613,36
word,399,8-byte,147.008,147.629,0.621,medium,0.706,36
word,400,memory,147.689,147.990,0.301,low,0.879,36
word,401,address,148.030,148.350,0.320,low,0.873,36
word,402,on,148.491,148.571,0.080,low,0.848,36
word,403,a,148.611,148.631,0.020,low,0.711,36
word,404,64-bit,148.651,149.392,0.741,medium,0.784,36
word,405,system,149.432,149.733,0.301,low,0.751,36
word,406,compared,150.193,150.594,0.401,low,0.963,36
word,407,to,150.634,150.734,0.100,low,0.997,36
word,408,copying,150.774,151.115,0.341,low,0.903,36
word,409,hundreds,151.155,151.635,0.480,low,0.869,36
word,410,or,151.796,151.856,0.060,low,0.748,36
word,411,even,151.936,152.096,0.160,low,0.928,36
word,412,thousands,152.116,152.737,0.621,low,0.713,36
word,413,of,152.797,152.857,0.060,low,0.999,36
word,414,bytes,152.937,153.198,0.261,low,0.932,36
word,415,across,153.318,153.578,0.260,low,0.932,36
word,416,system,153.618,153.919,0.301,low,0.816,36
word,417,boundaries,153.959,154.380,0.421,low,0.831,36
word,418,for,154.480,154.620,0.140,low,0.659,36
word,419,every,154.820,155.041,0.221,low,0.601,36
word,420,packet.,155.101,155.942,0.841,low,0.993,36
word,421,Now,155.942,156.222,0.280,low,0.701,37
word,422,imagine,156.302,156.643,0.341,low,0.921,37
word,423,processing,156.703,157.144,0.441,low,0.916,37
word,424,millions,157.324,157.724,0.400,low,0.742,37
word,425,of,157.784,157.844,0.060,low,0.958,37
word,426,packets,157.905,158.225,0.320,low,0.953,37
word,427,every,158.285,158.465,0.180,low,0.757,37
word,428,second.,158.505,158.786,0.281,low,0.880,37
word,429,If,159.527,159.587,0.060,low,0.972,38
word,430,every,159.767,159.987,0.220,low,0.833,38
word,431,packet,160.067,160.388,0.321,low,0.921,38
word,432,required,160.428,160.828,0.400,low,0.858,38
word,433,multiple,160.928,161.349,0.421,low,0.910,38
word,434,memory,161.369,161.649,0.280,low,0.893,38
word,435,"copies,",161.709,162.050,0.341,low,0.905,38
word,436,the,162.470,162.571,0.101,low,0.842,38
word,437,CPU,162.631,163.071,0.440,high,0.865,38
word,438,would,163.131,163.291,0.160,low,0.919,38
word,439,spend,163.332,163.592,0.260,low,0.793,38
word,440,most,163.752,164.032,0.280,low,0.796,38
word,441,of,164.093,164.153,0.060,low,0.998,38
word,442,its,164.233,164.353,0.120,low,0.727,38
word,443,time,164.393,164.633,0.240,low,0.738,38
word,444,moving,164.653,165.094,0.441,medium,0.779,38
word,445,bytes,165.174,165.434,0.260,low,0.863,38
word,446,instead,165.695,165.975,0.280,low,0.885,38
word,447,of,166.015,166.075,0.060,low,0.944,38
word,448,making,166.155,166.415,0.260,low,0.854,38
word,449,forwarding,166.496,166.876,0.380,low,0.987,38
word,450,decisions.,166.916,167.337,0.421,low,0.906,38
word,451,By,168.058,168.198,0.140,medium,0.910,39
word,452,eliminating,168.298,168.799,0.501,low,0.911,39
word,453,those,168.859,169.019,0.160,low,0.864,39
word,454,"copies,",169.099,169.439,0.340,low,0.760,39
word,455,zero,169.900,170.220,0.320,medium,0.953,39
word,456,copy,170.260,170.601,0.341,low,0.965,39
word,457,dramatically,170.621,171.362,0.741,low,0.705,39
word,458,reduces,171.442,171.842,0.400,low,0.878,39
word,459,CPU,171.903,172.263,0.360,medium,0.844,39
word,460,"overhead,",172.343,172.704,0.361,low,0.881,39
word,461,lowers,173.084,173.445,0.361,medium,0.839,39
word,462,memory,173.505,173.805,0.300,low,0.987,39
word,463,bandwidth,173.845,174.185,0.340,low,0.579,39
word,464,"usage,",174.326,174.606,0.280,low,0.911,39
word,465,improves,175.127,175.527,0.400,low,0.863,39
word,466,cache,175.607,175.848,0.241,low,0.714,39
word,467,"efficiency,",175.888,176.448,0.560,low,0.943,39
word,468,and,176.809,176.889,0.080,low,0.978,39
word,469,enables,176.969,177.350,0.381,low,0.771,39
word,470,applications,177.430,178.010,0.580,low,0.918,39
word,471,like,178.091,178.251,0.160,low,0.885,39
word,472,DPDK,178.311,178.952,0.641,high,0.801,39
word,473,to,179.092,179.192,0.100,low,0.998,39
word,474,achieve,179.272,179.572,0.300,low,0.915,39
word,475,tens,179.693,180.013,0.320,medium,0.854,39
word,476,or,180.393,180.454,0.061,low,0.680,39
word,477,even,180.494,180.794,0.300,low,0.810,39
word,478,hundreds,180.834,181.415,0.581,low,0.833,39
word,479,of,181.475,181.535,0.060,low,0.752,39
word,480,gigabits,181.595,181.996,0.401,low,0.942,39
word,481,per,182.056,182.196,0.140,low,0.974,39
word,482,second,182.256,182.576,0.320,low,0.919,39
word,483,on,182.716,182.777,0.061,low,0.914,39
word,484,modern,182.857,183.177,0.320,low,0.919,39
word,485,hardware.,183.217,183.938,0.721,low,0.741,39
word,486,"Finally,",183.938,184.419,0.481,low,0.862,40
word,487,when,184.619,184.760,0.141,low,0.915,40
word,488,packet,184.840,185.140,0.300,low,0.964,40
word,489,processing,185.180,185.601,0.421,low,0.869,40
word,490,is,185.661,185.721,0.060,low,0.566,40
word,491,"complete,",185.781,186.182,0.401,low,0.912,40
word,492,the,186.583,186.683,0.100,low,0.889,40
word,493,NIC,186.803,187.204,0.401,medium,0.822,40
word,494,transmits,187.284,187.845,0.561,low,0.935,40
word,495,the,187.905,187.985,0.080,low,0.998,40
word,496,packet,188.025,188.346,0.321,low,0.979,40
word,497,using,188.506,188.707,0.201,low,0.972,40
word,498,the,188.767,188.847,0.080,low,0.555,40
word,499,exact,188.967,189.428,0.461,low,0.798,40
word,500,same,189.468,189.668,0.200,low,0.994,40
word,501,memory,189.729,190.029,0.300,low,0.840,40
word,502,buffer.,190.089,190.370,0.281,low,0.960,40
word,503,After,191.151,191.352,0.201,low,0.985,41
word,504,"transmission,",191.412,191.933,0.521,low,0.856,41
word,505,that,192.313,192.514,0.201,low,0.916,41
word,506,buffer,192.594,192.894,0.300,low,0.993,41
word,507,is,192.914,193.095,0.181,low,0.676,41
word,508,returned,193.175,193.515,0.340,low,0.884,41
word,509,to,193.535,193.596,0.061,low,0.966,41
word,510,the,193.636,193.716,0.080,low,0.831,41
word,511,"mempool,",193.756,194.197,0.441,low,0.829,41
word,512,ready,194.457,194.678,0.221,low,0.873,41
word,513,to,194.738,194.798,0.060,low,0.920,41
word,514,be,194.858,194.938,0.080,low,0.918,41
word,515,reused,194.998,195.459,0.461,low,0.670,41
word,516,for,195.519,195.619,0.100,low,0.985,41
word,517,the,195.659,195.739,0.080,low,0.520,41
word,518,next,195.820,196.040,0.220,low,0.917,41
word,519,incoming,196.140,196.501,0.361,low,0.785,41
word,520,packet.,196.561,196.882,0.321,low,0.933,41
word,521,The,197.423,197.503,0.080,low,0.820,42
word,522,packet,197.563,197.843,0.280,low,0.925,42
word,523,buffer,197.883,198.144,0.261,low,0.872,42
word,524,was,198.204,198.344,0.140,low,0.837,42
word,525,allocated,198.364,198.945,0.581,low,0.923,42
word,526,only,198.965,199.366,0.401,medium,0.743,42
word,527,once.,199.406,199.687,0.281,low,0.942,42
word,528,It,200.148,200.208,0.060,low,0.750,43
word,529,was,200.268,200.388,0.120,low,0.821,43
word,530,never,200.428,200.729,0.301,low,0.902,43
word,531,copied.,200.809,201.129,0.320,low,0.888,43
word,532,Only,201.690,201.951,0.261,medium,0.735,44
word,533,the,201.971,202.131,0.160,low,0.419,44
word,534,"mBuff,",202.311,202.852,0.541,low,0.976,44
word,535,the,202.872,202.973,0.101,low,0.834,44
word,536,handle,203.053,203.373,0.320,low,0.910,44
word,537,to,203.413,203.514,0.101,low,0.885,44
word,538,that,203.534,203.694,0.160,low,0.866,44
word,539,"data,",203.734,204.055,0.321,medium,0.958,44
word,540,was,204.435,204.596,0.161,low,0.798,44
word,541,passed,204.716,205.016,0.300,low,0.865,44
word,542,from,205.076,205.237,0.161,low,0.858,44
word,543,one,205.277,205.537,0.260,medium,0.592,44
word,544,component,205.597,206.078,0.481,low,0.926,44
word,545,to,206.118,206.199,0.081,low,0.954,44
word,546,another.,206.259,207.040,0.781,low,0.853,44
word,547,That's,207.040,207.382,0.342,low,0.844,45
word,548,"why,",207.442,207.643,0.201,low,0.968,45
word,549,in,207.683,207.885,0.202,medium,0.901,45
word,550,high-performance,207.985,208.628,0.643,low,0.893,45
word,551,"networking,",208.689,209.191,0.502,low,0.982,45
word,552,a,209.634,209.674,0.040,low,0.877,45
word,553,packet,209.714,210.056,0.342,low,0.995,45
word,554,is,210.116,210.177,0.061,low,0.762,45
word,555,often,210.297,210.518,0.221,low,0.831,45
word,556,best,210.639,210.860,0.221,low,0.800,45
word,557,thought,210.921,211.142,0.221,low,0.901,45
word,558,of,211.222,211.323,0.101,low,0.874,45
word,559,not,211.463,211.624,0.161,low,0.750,45
word,560,as,211.685,211.745,0.060,low,0.962,45
word,561,a,211.805,211.825,0.020,low,1.000,45
word,562,collection,211.866,212.227,0.361,low,0.944,45
word,563,of,212.268,212.308,0.040,low,0.961,45
word,564,"bytes,",212.408,212.750,0.342,medium,0.823,45
word,565,but,213.152,213.273,0.121,low,0.692,45
word,566,as,213.373,213.434,0.061,low,0.550,45
word,567,a,213.514,213.534,0.020,low,0.885,45
word,568,pointer,213.655,214.097,0.442,low,0.805,45
word,569,to,214.138,214.238,0.100,low,0.851,45
word,570,those,214.278,214.479,0.201,low,0.807,45
word,571,bytes.,214.520,214.801,0.281,medium,0.922,45
word,572,And,215.806,215.907,0.101,medium,0.697,46
word,573,that's,216.007,216.289,0.282,low,0.916,46
word,574,the,216.349,216.430,0.081,low,0.999,46
word,575,essence,216.510,216.812,0.302,low,0.954,46
word,576,of,216.892,216.952,0.060,low,0.919,46
word,577,zero,216.993,217.354,0.361,low,0.898,46
word,578,copy.,217.395,217.857,0.462,low,0.953,46
sentence,0,Imagine you're moving an entire library every time someone wants to read a single book.,0.031,4.395,4.364,,,0
sentence,1,"You pack all the books into a truck, drive them to a new building, unload them, and repeat the same process again and again.",5.036,11.202,6.166,,,1
sentence,2,"Sounds ridiculously inefficient, right?",11.822,13.604,1.782,,,2
sentence,3,That's exactly what traditional packet processing does.,14.645,17.828,3.183,,,3
sentence,4,"In traditional networking, when a packet travels from the hardware through the operating system kernel and up to an application, the actual bytes are copied across system boundaries.",17.848,27.237,9.389,,,4
sentence,5,"The network interface card, or NIC, receives the packet into one buffer.",27.237,31.364,4.127,,,5
sentence,6,Then those bytes are copied into another buffer for processing.,31.865,34.770,2.905,,,6
sentence,7,They may be copied again before transmission.,35.552,37.455,1.903,,,7
sentence,8,"Every copy consumes CPU cycles, memory bandwidth, and cache.",38.096,42.424,4.328,,,8
sentence,9,High performance networking takes a completely different approach.,42.424,45.528,3.104,,,9
sentence,10,"Instead of copying the packet, it simply passes a reference to it.",46.268,49.332,3.064,,,10
sentence,11,This technique is called zero copy.,49.772,51.474,1.702,,,11
sentence,12,But what exactly is being passed?,51.935,53.597,1.662,,,12
sentence,13,The answer is an mBuff.,54.117,56.220,2.103,,,13
sentence,14,Think of an mBuff as a small metadata structure attached to the packet.,56.240,59.624,3.384,,,14
sentence,15,"It contains information like the packet length, protocol details, and most importantly, the exact memory address where the packet's payload begins.",60.284,67.773,7.489,,,15
sentence,16,Now let's look at where those bytes live.,68.393,70.656,2.263,,,16
sentence,17,"Before any packet even arrives, DPDK allocates a large collection of fixed-size packet buffers.",70.656,76.405,5.749,,,17
sentence,18,This collection is called a mempool.,77.146,78.829,1.683,,,18
sentence,19,You can think of it as a warehouse filled with thousands of empty packet containers all ready to be used.,79.490,85.219,5.729,,,19
sentence,20,"When the NIC receives a packet, it doesn't allocate new memory.",85.239,88.304,3.065,,,20
sentence,21,"Instead, the NIC uses Direct Memory Access or DMA to stream the incoming bytes straight from the wire directly into a free buffer in the mempool.",88.764,98.179,9.415,,,21
sentence,22,"no CPU involvement, no dynamic memory allocation, no unnecessary copies.",98.179,103.128,4.949,,,22
sentence,23,"From this moment onward, every stage of packet processing works with the same packet buffer.",103.950,108.719,4.769,,,23
sentence,24,The passer receives the mBuff.,109.501,111.324,1.823,,,24
sentence,25,The classifier receives the same mBuff.,111.344,113.248,1.904,,,25
sentence,26,The firewall receives the same mBuff.,113.869,115.813,1.944,,,26
sentence,27,The routing logic receives the same mBuff.,116.394,119.239,2.845,,,27
sentence,28,Each component only receives a handle that points to the original packet buffer.,119.239,123.708,4.469,,,28
sentence,29,The packet buffer never moves.,124.229,126.613,2.384,,,29
sentence,30,"Even if a router needs to modify a header or change an address, it modifies the bytes right there in place.",126.633,132.424,5.791,,,30
sentence,31,They're still sitting exactly where the NIC originally placed them.,133.006,136.873,3.867,,,31
sentence,32,This is the key idea behind zero copy.,136.873,139.257,2.384,,,32
sentence,33,The packet isn't travelling through the system.,139.918,141.580,1.662,,,33
sentence,34,Only the pointer is.,142.081,143.103,1.022,,,34
sentence,35,Passing a pointer is incredibly cheap.,143.703,146.027,2.324,,,35
sentence,36,It's typically just an 8-byte memory address on a 64-bit system compared to copying hundreds or even thousands of bytes across system boundaries for every packet.,146.047,155.942,9.895,,,36
sentence,37,Now imagine processing millions of packets every second.,155.942,158.786,2.844,,,37
sentence,38,"If every packet required multiple memory copies, the CPU would spend most of its time moving bytes instead of making forwarding decisions.",159.527,167.337,7.810,,,38
sentence,39,"By eliminating those copies, zero copy dramatically reduces CPU overhead, lowers memory bandwidth usage, improves cache efficiency, and enables applications like DPDK to achieve tens or even hundreds of gigabits per second on modern hardware.",168.058,183.938,15.880,,,39
sentence,40,"Finally, when packet processing is complete, the NIC transmits the packet using the exact same memory buffer.",183.938,190.370,6.432,,,40
sentence,41,"After transmission, that buffer is returned to the mempool, ready to be reused for the next incoming packet.",191.151,196.882,5.731,,,41
sentence,42,The packet buffer was allocated only once.,197.423,199.687,2.264,,,42
sentence,43,It was never copied.,200.148,201.129,0.981,,,43
sentence,44,"Only the mBuff, the handle to that data, was passed from one component to another.",201.690,207.040,5.350,,,44
sentence,45,"That's why, in high-performance networking, a packet is often best thought of not as a collection of bytes, but as a pointer to those bytes.",207.040,214.801,7.761,,,45
sentence,46,And that's the essence of zero copy.,215.806,217.857,2.051,,,46
pause,0,long,4.395,5.036,0.641,,,
pause,1,short,6.597,6.858,0.261,,,
pause,2,short,8.039,8.299,0.260,,,
pause,3,short,8.859,9.200,0.341,,,
pause,4,long,11.202,11.822,0.620,,,
pause,5,long,13.604,14.645,1.041,,,
pause,6,short,23.553,24.074,0.521,,,
pause,7,short,29.301,29.721,0.420,,,
pause,8,short,31.364,31.865,0.501,,,
pause,9,long,34.770,35.552,0.782,,,
pause,10,long,37.455,38.096,0.641,,,
pause,11,short,40.000,40.260,0.260,,,
pause,12,long,45.528,46.268,0.740,,,
pause,13,short,49.332,49.772,0.440,,,
pause,14,short,51.474,51.935,0.461,,,
pause,15,short,53.597,54.117,0.520,,,
pause,16,long,59.624,60.284,0.660,,,
pause,17,short,63.288,63.688,0.400,,,
pause,18,long,67.773,68.393,0.620,,,
pause,19,short,72.319,72.739,0.420,,,
pause,20,long,76.405,77.146,0.741,,,
pause,21,long,78.829,79.490,0.661,,,
pause,22,short,83.376,83.716,0.340,,,
pause,23,short,88.304,88.764,0.460,,,
pause,24,short,89.125,89.505,0.380,,,
pause,25,short,92.510,92.871,0.361,,,
pause,26,short,94.313,94.593,0.280,,,
pause,27,short,99.441,99.882,0.441,,,
pause,28,short,101.285,101.826,0.541,,,
pause,29,long,103.128,103.950,0.822,,,
pause,30,short,105.152,105.453,0.301,,,
pause,31,long,108.719,109.501,0.782,,,
pause,32,long,113.248,113.869,0.621,,,
pause,33,short,115.813,116.394,0.581,,,
pause,34,short,117.155,117.416,0.261,,,
pause,35,short,123.708,124.229,0.521,,,
pause,36,short,129.599,130.100,0.501,,,
pause,37,short,131.182,131.443,0.261,,,
pause,38,short,132.424,133.006,0.582,,,
pause,39,long,139.257,139.918,0.661,,,
pause,40,short,141.580,142.081,0.501,,,
pause,41,short,143.103,143.703,0.600,,,
pause,42,short,149.733,150.193,0.460,,,
pause,43,long,158.786,159.527,0.741,,,
pause,44,short,162.050,162.470,0.420,,,
pause,45,short,165.434,165.695,0.261,,,
pause,46,long,167.337,168.058,0.721,,,
pause,47,short,169.439,169.900,0.461,,,
pause,48,short,172.704,173.084,0.380,,,
pause,49,short,174.606,175.127,0.521,,,
pause,50,short,176.448,176.809,0.361,,,
pause,51,short,180.013,180.393,0.380,,,
pause,52,short,186.182,186.583,0.401,,,
pause,53,long,190.370,191.151,0.781,,,
pause,54,short,191.933,192.313,0.380,,,
pause,55,short,194.197,194.457,0.260,,,
pause,56,short,196.882,197.423,0.541,,,
pause,57,short,199.687,200.148,0.461,,,
pause,58,short,201.129,201.690,0.561,,,
pause,59,short,204.055,204.435,0.380,,,
pause,60,short,209.191,209.634,0.443,,,
pause,61,short,212.750,213.152,0.402,,,
pause,62,long,214.801,215.806,1.005,,,
